cln_title,polarity_score
安徽 男子 狗 取名 城管       遭 行政拘留 10 日,-1
上海 奇景       大學校園 足球場 竟變 停車場,0
貿易戰 導致 全球 價值鏈 轉移   大陸 面臨 潛在 就業 風險,1
西藏 拉薩 降雪     網友 險在 夏天 凍死,0
今後 年   陸 國開行 至少 提供 台企 融資 600 億 人民幣,1
大陸 科學家 琥珀 中 發現 史前 海洋 動物,1
陸 報復 關稅 針對性   專打 川普 支持者 盤,2
不打自招 海基會 自爆 稅務 驗證 做到 手殘,0
港 豬瘟 蔓延   張 小月 台灣 可助 港府 防疫 工作,0
北京市委 書記 蔡奇   洪秀 柱籲 警惕 民進黨 中國化 舉措,0
北京師範大學 演講   洪 秀柱 兩岸 和平 優先 統一,3
陸 改革 建議書 點名 批評 美 政策 威脅 WTO 存在,2
中美 貿易戰   王毅 極限 施壓 只 引發 正當 反擊,0
北京師大 演講   洪 秀柱 兩岸 一起 好,0
夏納翰 美 軍種 做好 準備 應對 大陸 挑戰,1
環時 社評 赴美 留學 挺 好 求學路   非 唯一,1
第二屆 海峽兩岸 姊妹 湖 產業 協作 年會 天目湖 舉行,2
戈 蘭新 屯墾 區   以國 命名 川普,0
菲 期中 選舉   杜特蒂 勝券在握,1
洪 汪會   堅持 九二 共識   無 統一 時間表,3
美打 擦邊球   勿 避戰 變 必戰,1
美 陸戰隊   月 祕密 來台 演訓,0
領導人 要能 回應 民眾 望治 心切,1
體制 差異 化解 中美 貿易戰,0
自貿區 政見,0
貿易 持久戰   台應 及早 避險,2
台胞 居住證 破 10 萬   恐嚇 牌 失效,-2
兩岸 史話 － 辦報 拚 性命   寫 小說 玩玩,0
兩岸 月來 交流   共同 紀念 張大千,3
豬瘟 入侵 香港   6000 隻 豬 全數 撲殺,0
淮安 食品 博覽會   旺旺 挺 食安 行動,1
圓夢 獄警   焦灩 成父 祖輩 戰友,1
三代 獄警   見證 川 監獄 70 年 歷史,-1
鎖定 下沉 市場   搶 抖音 快手 用戶,1
陸 免費網 文逆襲   攻破 付費 城牆,0
父母 陪伴   最好 情商,2
情商 師資 不齊   有人 上課 年 白花錢,0
陸娃 歲 學社 交   比學 才藝 貴,1
守護 黃山 迎客松   胡 曉春 兩度 獲獎,2
設計 三峽大壩   26 年 工地 為家,-1
入駐 大興 機場   逾 50 航企 意願,1
自經 區 有利 台商 回流   提升 競爭力,4
戳破 經濟 20 年來 最好 說法   新 南向 政策 完全 失敗 GDP 陷保 危機   蔡 遭 國策 會打 臉,-1
陸 展開 反制   月起 美貨 加稅,0
中美 關稅 對決   掀 全球 貿易戰,0
淮安 食 博會 開幕   美味 紛呈,1
全球 數據 搶 人才   成在 陸,0
廣東 加速 5G 應用   領域 結合 發展,2
陸 5G 基建 衝刺   2030 占 GDP6,1
境外 資金 匯回 專法 草案 接 地氣,0
南京 人才 公寓   博士 享 年免 租金,0
廣州 搶 優秀人才   提供 住房 保障,3
貿易戰 驚嚇   兩岸 股匯 雙殺,-2
科創 板上 踢 鐵板   九號 機器人 卡關,-1
A股 迎 黃金 十年   績優股 受 追捧,1
台開 資產 活化 計劃   打造 養生 園區,2
水岸 台北 2019 端午 嘉年華   百萬 網紅 報到,0
打造 現代 肉品 生產 基地   台畜 瞄準 美日,3
第二屆 遠見 社企之星   持續 創造 共好 效益,2
走入 鄉林 山海 滙   體驗 優雅 生命 姿態,1
佛系 大學 掰   碩士 畢業 門檻 墊高,-1
提升 高教 品質   陸 大學畢業 變難,1
莆田 惠台 35 條   台胞 到湄 洲免 門票,0
兩岸 座談   推進 兩 制台灣 方案 進程,2
劉 結一 家人 坐 一起   無 心結 解不開,-1
陸 學者 大陸 放心   慢慢 談,1
汪洋 洪 秀柱   認同 統一 無 時間表,2
台企聯 換屆   汪洋 16 日晤 新 會長,0
美 加碼 打台 灣牌   避戰 恐 變 必戰,2
美 蠶食 陸 底線   加速 北京 備戰 步伐,-1
正值 中美 貿易戰   軍事 台 灣牌 出手   政治 味濃 美 陸戰隊 證實   月 曾 台 演訓,2
洪 汪會   陸委會 形塑 兩岸 進行 民主協商 共議 統一 樣板,2
陸 國務院 關稅 稅則 委員會 決定 原產 美國 部分 進口商品 加徵 關稅,0
江西 生態 補償 範圍 擴 整個 鄱陽湖區,-1
今年 大陸 農產品 供給 總量 充足,1
瀋陽 桃仙 開通 港澳台 自助 簽注         開 東北 機場 先河,2
洪 汪 會後   洪 秀柱 堅持 九二 共識   反對 台獨   統一 時間表,2
習 五條 發布 後   洪 秀柱 今見 汪洋,1
美 報告 揭陸 兩棲 奪島 美專家 共軍 缺乏 兩棲作戰 能力,0
洪 秀柱 重申 兩岸 目標 統一     今 下午 會見 汪洋,4
柱姐 今會 劉 結一   共同 發表 六項 願景 倡議,3
洪 秀柱 劉 結一 出席 兩岸 民族 復興 座談會,0
第二屆 青春 頌 武漢 登場   兩岸 青年 唱響 青春,1
洪 習會 今 登場   料 重申 五個,2
  梅伊 下台 時間   本周 敲定,2
北京 大興 機場   今 真機 試飛,0
巴基斯坦 恐 攻   衝 一帶 一路,0
美國 關注 中國 經略 北極 雄心,1
一帶 一路 應 結合 台商 長處,1
驚嚇 區,-2
辦 自貿區 電視辯論,-1
因應 文明 衝突   北京 需 戰略 淡定,1
兩岸 史話 － 金庸 談起 學界 像論 江湖,0
兩岸 同根 同祖   書畫展 深化 交流,2
視覺 中國 恢復 營運   新增 舉報 功能,1
陸 專家 參與   希瓦 古城 魅力 重現,3
中美 續談 好事   總能 談 理性,0
陸 以拖待變   川普 反 嗆 打錯算盤,-1
A股 併購 回暖 潮   橫向 整合 成新 主調,1
MSCI 擴容 A股   消費 龍頭 有望 獲益,2
巴菲特 看好 中國   錢進 A股,1
全面 貿戰 恐 爆發   金融市場 挫 咧,1
孫中山 孫女 首部 畫冊   中山 出版,0
書香 宗祠 成了 精神家園,1
師徒 巧手 布景   愛 呆萌 多肉,1
世園 天津 日 開幕   盛裝 迎客,0
法海 寺 藏經閣 開放,1
中山公園 音樂堂   高雅 藝術 潤 京城,2
漫步 老城 胡同   體驗 京味 文化,0
退休 後 逃跑 陸 旅居 養老 成 潮流,-1
國泰人壽 追星 計畫   健康 饗 米其林 美食,2
卡位 基建 有錢 途   追漲 抗跌 耐震 佳,1
恆指 未來 走勢   看中 美 談判,0
大盤 回穩 尚待 時日   本周 震盪 難免,1
情懷 產品 復甦   玩具 合作 新 IP,1
玩具 市場 夯   港企 搶 內銷 爭 海外,0
台 股遇 亂流   專家 別急 猜 盤勢,1
中美 經貿 角力   債市 成 避險 天堂,2
貿戰 陰影 下   月 留意 布局 機會,2
漳州 惠台 58 條   開業 補助 上市 獎勵,1
高 CP 值 晾衣架 雷達   054A 艦 採用,0
首次 陸 兩艘 中華 神盾 艦同 下水,1
賴 務實 台獨   自認 中間 選民 支持,1
朱 立倫 駁兩國 說   九二 共識 一中,1
綠 抹黑 仇中牌   難擋 兩岸 交流,0
洪 習會 今 登場   盼 和平 緩衝 兩 制,3
北京 致力 發展 大興區   展現 習 雄心,4
北京 完成 任務   30 分鐘 抵 新 機場,1
北京 大興 機場   今天 真機 試飛,0
接力 世錦賽 失誤 遭 淘汰   掀 陸 女子 接力 隊 網友 開戰,-1
貿易戰 大陸 必勝   陸 學者 北京 握有 王牌,3
台胞 權益 而來   洪 秀柱 率團 抵京   明晤 習近平,1
浙江 溫嶺 農用車 發生 側翻 已 致 12 死 11 傷,1
大陸 高鐵 再 創新紀錄   運送 超過 100 億人次,0
學者 鄭 永年 中美 貿易談判 破裂   談出 理性,-2
整改 後 視覺 中國 正式 恢復 營運   新增 舉報 功能,2
村上春樹 公開 父親 侵華日軍   陸 網友 大讚 正視 歷史,2
梵蒂岡 參展   對話 氛圍,0
帶路 國 相挺   世園 綠色 奇蹟,2
紀念 五四   愛國主義 做起,3
中美 貿易戰 邊打 邊談,0
環保 減廢   台商 看好 新 藍海,1
徵文 啟事,0
致在 台灣 讀書 遇見 小 美好,1
兩岸 史話 － 五四 台灣 一頁 轉折,-1
體內 毒物 難 代謝   刮痧 幫 解決,0
五音 入 臟腑   防病 療癒 心情,0
春夏 交替 空氣 濁   預防 哮喘 纏 上身,0
單身 療癒 經濟 消費 孤獨感,-2
95 後 孤獨 商機   單身 值錢,1
看準 政策 下手   投資人 不用,0
A股 波動 加劇   易會 喊話 穩 信心,1
豬事 不妙   非洲 豬瘟 入侵 香港,-1
試用期   解除 勞動合同 實務 探析,0
台灣 需要 睿智 領導人,2
台商 回流 增 家   融資 專案 增 千億,1
船 公司 老板 成 海上 清道夫,0
生物 可分解 塑膠   陸 環保 商機 旺,1
陸 打造 無 廢 城市   深圳市 入列,1
陸對 洋垃圾 說   回收公司 頭大,-1
台灣 藝術家   詮釋 山水 元素,-1
電路板 烏鴉   環境 藝術 再 省思,-1
陸運 20 產能 全開   13 架 霸氣 擺陣,0
高調 抗中   軍火商 破格 轉正 美防長,0
廣東 惠台 48 條   最高 億元 人幣 補助,1
大廠 低調 返鄉   憂缺工 缺電,-1
台商 回流 增溫   挹注 資金 2500 億,2
新法 過渡期   台商 應 加速 依法 調整,2
外資 新法 時代   台商 站上 新 起跑線,0
惠譽 對陸 信評 不變   人幣 空倉 大增,1
貿易戰 交鋒   恐 還要 演 集,1
中美 談判 分歧   陸 讓步,-2
中美 北京 再戰   美嗆 全面 徵稅 25,1
韓粉 強強 滾 讚歎 世園   盼 交流,3
展 中國 特色   兩岸 園藝 同根 同源,1
梵蒂岡 首 參展   教廷 旗幟 飄揚 北京,1
帶路 國家 挺   世園 會創 綠色 奇蹟,1
台 遍布 斷層   建 地下城 風險 高,0
電影 情節 成 真   地下 農場 救 糧荒,0
全球 暖化   未來 成 海岸 區 告急,0
台灣 西南部 顯著 下沉   陸 沿海 地面沉降   加大 災害 風險 海平面 上升 加劇   兩岸 陷 困境,-2
香格里拉 對話會 月底 登場   陸防 長 時隔 年 再 出席,1
川普 撂 話   陸 關稅 徹底 扼殺,0
陸 證監會 前 主席   劉士 余 遭 調查,1
美 黑人 首富 慨捐 12.7 億   幫 學生 清償 學貸,0
手握 王牌   習 考察 江西 稀土 業,2
極限 施壓   川普 主義 恐 引火上身,0
川普 怒嗆 伊朗   開戰 完蛋,-1
尊重 平等 文明 對話 基礎,3
／ 旅陸 台胞 領 居住證 說明,0
顛倒是非 政黨,-1
國民黨 宿命,0
審視 台日 關係 虛 與實,0
兩岸 史話 － 禮義廉恥 需要 具體 社會 載體,0
大學 招 陸生 起跑   省市 名額 穿小鞋,0
爆 違紀 落馬   劉士 余 主動 投案,0
澄江 清江 生物群   提供 珍貴 證據,3
氧氣 催生   寒武紀 生命 爆發,0
NASA 星光 地圖   上海 說 晚安,0
蛟龍 號 聲納   海底 輕鬆 聽 說,0
陸媒 批 美打 科技 戰   箝制 世界 發展,0
搶下 國 市場   陸 鐵路 航向 全球,1
築美 鐵路 150 年   陸 翻轉 華工 血淚,-1
蘇通 園區 十年   躍 南通 新 地標,0
做 單身 狗   陸青 相親 尋 真愛,2
爭利益 理念   日 全家 頂 新 翻臉,-1
陸 全家 歸屬   日方 頂 新 強 碰,1
行動 互聯網 普及   線上 消費 大增,2
中芯 華力 微 扮演 陸 先進 製程 推手,2
陸 90 後 追求 品質   激活 新 消費,0
寶寶 類 理財 收益 跌   創 29 月 新低,0
陸銀 推 高利 定存   年輕人 招手,2
陸 反洗錢 師 奇缺   掀 搶 人戰,-1
水岸 台北 2019 端午 嘉年華   正式 開 跑,1
華南 金控 攜手 亂彈 阿翔   打造 庶民 金融服務,1
強化 兩岸 姊妹 湖 合作   天目湖 舉行 年會,2
台灣 芒果 拚 外銷   屏東縣 成 領頭羊,0
收藏家 一生 驕傲   元青花 特 展開 跑,1
寧波 惠台 80 條   專案 資助 青年 交流,2
貿戰 勿 只見 轉單   外溢 效應,0
蔡 炫 經濟 政績   台商 臉 批 邀功,0
藍 推 蔡 失政 月曆   明年 掰了,0
蔡 談 兩岸 政策   中國 大聲,-1
陸黨 媒 綠 搞砸 兩岸 撕裂 族群,-2
陸 學者 蔡 兩國論 撈 選舉 利益,0
蔡 壞了 兩岸關係   成民眾 負感,0
美艦 駛近 黃岩 島   陸打 愛國 牌 應變,3
陸 學者 核心技術 掌握,2
美 應 狠   談判 正途,-1
習 考察 江西 稀土 業   引發 臆測,1
B 計畫 啟動   華為 作業系統 鴻蒙 待命,3
華為 掰掰   歐洲 市場 受創 嚴重,-2
美 圍堵 華為   鹿死誰手 尚難 預料,-1
谷歌 首 斷貨 華為   高通 英特爾 補槍,0
李鵬 子李 小鵬 獲 新 職務 公開 亮相 　 仕途 備受 關注,2
華為 放話 伺服器 晶片 已 實現 自主 生產,2
大陸 歐盟 商會 強制 技術轉讓 大陸 有增無減,0
美 駐華大使 訪問 西藏 　 陸 外交部 希望 客觀 態度 參訪,3
阿爾山 聯合國教科文組織 世界 地質公園 揭碑,1
成都 發現 唐代 名將 高 駢 主持 修築 城墻,3
歐盟 商會 大陸 強制 外商 技術轉讓 有增無減,0
谷歌 暫停 業務 往來   華為 安卓 服務 受 影響,-1
美 軍艦 入 黃岩 島 鄰近 海域   陸 外交部 已 識別 查證 警告 驅離,0
華為 準備 反擊   陸 外交部 支持 陸企 捍衛 正當權利,2
馬 吳 出境 管制 期限 遭 延長   藍委 批 蔡 政府 誠信,2
美海軍 驅逐艦 再 闖 南海 　 兩 周 次 挑釁 北京,-2
民進黨 執政 年   陸 檢討 崩塌 最 嚴重 兩岸 政策,-2
蔡英文 重申 挑釁 北京   陸 學者 做 賊喊 抓賊,0
劉士 余 主動 投案     陸媒 曝 點 特殊 處,2
促 止戰 兩岸 分治 七十 周年 系列 活動   蔡 政府 兩岸 政策 總 體檢,0
遭 川普 封殺   華為 排除 撤出 美國,-1
陸官 媒播 韓戰 電影   示抗 美 決心,0
王毅 通話 蓬佩奧   美別 走 太 遠,0
卡 吳 習會   蔡 違背 民主 慣例,0
不可 低估 貿易戰 中國 衝擊,-2
執政 年 不及格,-1
吳 主席 在家,0
台商 回流 照單全收,1
兩岸 史話 － 資產階級 時代 民族 消失,0
集美 人文 魅力   影視 產業 落地 開花,1
看見 集美   青春 電影展 開幕,0
台青 創業 軟 實力   海交會 亮點,1
閩 台 人才 對接   集 中醫 農科教,0
中華 婦女 黨   推 新 住民 二代 崛起,1
高中 落榜生 轉戰 跑道 成 世界冠軍,2
陸 科考船 起航   探 馬里亞納 海溝 海山,0
陸製 智慧 海工 設備   贏 挪威 讚譽,3
王綽 中籲 媒體 說好 大灣 區 故事,0
閩粵 台港澳   打造 全球 最大 經濟區,1
中國 香谷 引來 世界 500 強,1
港澳 青年 創客   中山 玩 瘋,0
天津 貓熊 智慧 公車   刷手 搭乘,1
科技 改變 生活   刷 臉 萬事 OK,1
世界 智慧 大會   打造 全球 盛會,2
香山 飯店 售京 味兒 文 創品,0
北京 家 醫院 試點 國際 醫療,0
亞洲 藝術展   顯 大道 融通 美,0
空巢 青年 做飯   超商 94 我家 廚房,0
恆指 下探 250 日 均線   短線 升幅 有限,0
變數   A股 維持 震盪 調整 格局,0
人幣 區間 震盪   月習 川會 成 轉折,-1
美元 指數 放緩   後市 表現 指標,2
外資 撤離 大陸 台商 回歸,1
具 債券 特性   特別 股 抗震 追漲 正 夯,0
新興 債 正熱   外資 加碼 陸 國債,2
貿易 戰火 升   高 收債 好 避險,0
揚州 惠台 68 條   推動 專技 落地 傳承,0
中美 已 非貿易 戰   霸權 爭奪戰,-1
美 封殺 華為   任正非 嗆,-1
抗美   央視 黃金 時段 改播 援朝 舊片,1
陸 開闢 戰場   全面 逼 美 讓步,1
綠 重返 執政 年   57 民眾 滿意,2
准吳 赴陸   吳 習會 今年,0
北京 如如 不動   綠仇 中牌 棉花,0
蔡 就任 周年   兩岸關係 緊張 加劇 陸 學者 綠 再 執政   台海 恐成 火藥庫,-3
陸 證監 前 主席 劉 士余涉 違紀 違法   主動 投案 配合 審查,0
批 美 翻臉 翻書   陸官 媒 北京 核心 問題 讓步,-1
陸 央行 副行長 大陸 外匯市場 預期 總體 穩定,2
美國 大豆 業者 大陸 市場份額   恐 永久 喪失,-1
大陸 新增 家 國家級 旅遊 度假區,1
西藏 雪豹 頻 肇事   無礙 牧民 和平共處,2
神仙 課程 大學 選課 發 蘋果電腦,0
林鄭月娥 盼 港澳 青年 大灣 區追 夢,0
任正非 華為 排除 完全 撤出 美國市場,0
美 拋 大陸 技術 有害   陸媒 反擊 香者 自香   臭者 自臭,-1
APEC 發表 貿易部長 聯合聲明 反對 保護主義,4
聯想 深夜 發聲明 未 斷供 華為   追究 造謠,-1
傳美陸 談判 停頓   未知 下輪 日期,-3
台灣 人才 項目 對接   洽談 熱絡,1
台灣 美食 精品   人氣 最旺,1
美陸 對抗 加劇   澳洲 苦尋 平衡點,0
民調 失靈   澳洲 大選 未 變天,-1
壯年 NASA 煩惱,-2
陸 網友 最愛 洪 秀柱,2
貿易戰 升溫   台商 恐成 重災戶,0
徵文 啟事,0
知 故人,0
兩岸 史話 － 現代 轉型 面臨 三重 任務,0
護 眼保健操   簡單 步驟,1
按摩 茶飲   保護 靈魂 窗,0
福州 惠台 新 措施   聚焦 創投 物流,0
福州 518 海交會   台灣 展區 人氣 旺,1
外賓 以茶 會友   茶 博會 國際化,0
中國 茶博館 圍牆   歡 迎來 品茗,0
美眾 議員 致函 WHO   挺 台 參與 WHA,0
台灣 政情   防疫 無國界 － 台 度 缺席 WHA   藍 委籲 陸釋 善意,0
中國 百慕達 揭開 神祕 面紗,1
消費 龍頭 寶僑   長盛不衰 祕密,1
綠色 意識 型態   武裝 媒體 腦袋,0
滬 台商 會長 李 政宏   任台 企聯 會長,0
出口 退稅 貨幣貶值   抗 貿易戰 利器,0
自經 區 全球 維修中心   避 貿易 戰火,-1
中美 貿易戰   兩個 影響 兩個 機會,1
陸 出口 大戶   台商 受 關稅 衝擊,-1
東拼西湊   盧昉 西畫 飄 中國 味,0
台客 趴 趴 走   古洋 畫內現 蹤跡,0
上海 各區 惠台   閔行區 38 條 搶 頭香,0
應對 殲 20   美 F 35 組 虛擬 預警機,0
技術 突破   陸 50 架 殲 20 今年 服役,0
陸 長征 兩百 回   火箭 院 量產 化發展,1
東部 戰區 台 主力   殲 16 大象 漫步,0
西太 飛彈 艦艇 量   陸是 美軍 五倍,1
美專家 籲美 台 聯演   助台 突破 孤立,0
美 戰略部署   視台 軍事 盟友,2
華為 供應鏈   陸 科技 大廠 備胎 轉正,1
封殺 華為 卻 鬆手   美送 90 天 豁免 令,-1
下輪 協商 沒譜   美 中 談判 恐 中斷,-2
陸在 聯合國 闢 戰場   控美 貿易 霸凌,1
陸 高鐵 拉動 發展   小 盈虧 創 大利,0
高鐵 負債率 65   陸 專家 合理 可控,1
高鐵 擂台   陸 票價 優惠   台 便當 好吃,2
赴陸 參與 民主協商   恐 適用 外患罪,1
管制 屆滿   曾 永權 月 15 日 出席 海峽 論壇,1
登陸 談 一國兩制   應 論罪,0
老有所養   所用,0
華為 反擊 反思,0
5G 智慧 應用   百家爭鳴,3
徵文 啟事,0
公司 辦 聯誼,0
認識 大陸,0
兩岸 史話 － 窮人 殺子 棄養   宋高宗 流放 處罰,-4
兒童 厭食 解方   三餐 定時 變化,-1
薰衣草 助眠   改善 粉刺 受用,1
韭菜 營養 清腸   便便 順暢,2
貴 陽數 博會 今 開幕   參展 台企 倍增,1
保障 言論自由   談統 論獨 論罪,1
每天 直播 小時   商商 成 富婆,0
直播 主年 賣 上億 人幣   淘寶 印鈔機,0
水氫 車 問世 學者 技術 未成熟,0
汽車 水跑 陸企稱 可開 1000km,0
高息 風險   陸 整頓 結構性 存款 亂象,0
陸銀 警報聲 不斷   恒丰 點名,-1
史家 胡同   敘說 近代 中國史,0
掌握 關鍵 要素   打造 爆 紅影 音,3
擋 赴 陸 交流   蔡 政府,1
因應 貿易戰   台商 加強 併購 布局,1
華為 禁令   衝擊 全球 5G 生態,-3
智慧 醫療   兩岸 5G 醫院 起步 走,2
5G 智慧 製造   廣州 黑燈 工廠 上線,1
打造 智慧 工廠   台商 秀 邊緣 運算 力,1
台 輔諮 專業 領先   陸師 過海 取經,1
博班 招 陸生   設計 藝術類 搶手,0
陸足 投資 狂歡 已   粉絲 熱度 不減,2
心冷 20 年   萬達 重新 涉足,1
銀狐 二進宮   陸足 盼 起死回生,0
恨鐵不成鋼   陸國足 自我 麻痺,-3
陸繞 台電 戰機   尚 無法 全天候 作戰,-2
美 海警 船巡 南海   陸空警 500 盯梢,0
美商 找 陸廠 仿製 軍服   太俗 拆穿,-1
陸 購買 第二套 S 400   月底 啟運,1
大連 惠台 61 條   獨門 經貿 優惠,1
月 北上 資金 淨 流出   11 檔 淨 買超,-1
A股 月 致富   帶動 千億 人幣 入市,2
人行 天 度 保人 幣   中間價 終止 11 貶,-1
人幣 續貶   郭樹清 警告 空頭,0
陳 時 中 返台   指 WHA 國家 發聲 挺,0
北美 協調會 更名   台灣 美國 事務,0
台美 踩 底線   陸 學者 忍耐 極限,0
一味 挑釁 大陸   反 致台 面臨 軍事 威脅 美 口惠 實不至   徒令 台海 動盪,-2
郁慕明 一行 黃花崗 七十二 烈士墓 致敬   穗台青 相聚,1
郁慕明 一行 粵 台生 座談   推動 台北 學舍 照顧 台生,1
陸駐英 大使 美 對陸 明面 貿易戰 暗地 科技 戰,-1
大陸 首個 北極 科考 站 黃河 站   考察 任務,1
浙江 寧波 化工廠 油罐 著火   現場 人 失聯,-1
19 歲 女 搭網 約車 遭 拍摸 身體   廣州 警方 刑事拘留 司機,-2
四川 臥龍 拍 全球 首隻 白化 熊貓,0
銀保監 郭樹清 人民幣 持續 貶值,-1
人民日報 署名文章 狂風驟雨 掀翻 大海,-1
華為 SD 卡 WiFi 組織 拒之門外,0
鐵娘子 第二   慘遭 滑鐵盧,0
武漢 精神 引領   中 印 龍象 共舞 期,0
莫迪 連任   最大 挑戰 拚 經濟,0
脫歐 歹戲 拖 棚   梅伊 落淚 下台,-1
貿易 戰傷 蘋果,0
稀土 新長征,0
人民幣 貿易戰 武器,0
徵文 啟事,0
漫步 蘇州河   感受 近代 上海 事,0
台灣 作家 聲音 傾倒,-1
兩岸 史話 － 歐陽修 娶 三妻   兩任 死於 分娩,0
腰椎間盤 突出   自我 鍛 煉八法,0
減肥 珍饈   日食 筍 三日 清腸,1
台灣 10 家 創新 創業 團隊 脫穎而出,2
陸 力推 自主 研發   台青 創業 優勢,3
台青 視野 需 開闊   西進 能展 抱負,1
惠台 同等待遇   高等 待遇,1
新 時局 新 挑戰   兩岸 青創 論壇 登場,1
徐 台 舌尖 交流   彭祖 美食 台北 上菜,1
蔡 上任 年   台 觀光業 剩 半條命,0
搶攻 端午 市場   陸菇 走私 逾 200 萬元,-1
菇城立 院辦 囍事   教導 民眾 選 好菇,0
抗 豬瘟   陸 研發 疫苗   台 推 試劑,1
陸 豬肉 短缺   明年 至少 進口 400 萬噸,-1
陸 商務部 經濟 長期 好   基本面 未變,2
美 畫清 界線   中芯 自紐 交所 下市,0
貿戰 延燒   美校 強制 遣返 陸 學者,1
川普 稱華 為好 危險   納 貿易 協議,0
全球 科技 原創 影響力   北京 居冠,1
住 建部 預警   10 城市 點名,-1
調控 Hold 不住   西安 房價 連漲 38 月,-1
郭 台強 中美 貿戰   衝擊 台 產業,-1
台 經院 憂 經濟 前景 變 災難片,0
陸 監管部門 拍板   險資 買科 創板,0
中日 股市 互通   兩地 ETF 合作 落地,1
貿戰 烽火 燒 全球   金價 先漲 波,0
遼寧 惠台 52 條   支持 台企 參與 基建,1
台 海風 高 浪急   兩棲 突襲 難度,-1
陸建 兩棲 打擊 群   075 急 趕工,-1
台美 已 具 準軍事 同盟 態勢,1
高調 交流   赴美 參訓 國軍 穿 制服,1
俄 專家 美 誤判 陸攻 台 軍力 戰術,0
美 2020 國防 授權 法 草案   加強 制中,0
陸 延續 免 減半   獎勵 台商 技術升級,2
陸發 力穩 就業   防 大規模 返鄉 潮,0
貿戰 關頭   陸 加強 教育 統一 思想,1
中美 大國 治理   制度 過招,1
華為 蘋果 挑 支   陸民 理性 選購,0
貿戰 激發 大團結   五星旗 火熱,3
汶川 震災 天 調兵 16 萬   動員 力撼 全球,0
陸推 愛國 教育   反 美帝 侵門 踏戶,2
全球 科創 城市 報告 北京 上海 進入 全球 創新 引領 行列,2
貴州 民船 翻覆   已 造成 10 人 罹難 人 失蹤,0
陸 中科院 施放 繫留 浮空器 觀測 大氣   7003 公尺 世界 第一 高,1
兩岸 雙 新   一堂 教研 課,0
林毅夫 美國 大陸 買 東西 恩惠,1
莫迪 2.0   中印關係 意味著,1
IMF 報告 美國 對華 關稅 全 美 進口商 買單,1
兩岸 性伴侶   只能 先 台 註記,0
美參院 法案   挺 台 重返 世衛,1
印度 大選 狂勝   總理 莫迪 連任,1
時速 600 公里   陸 展示 高速 磁浮 車,0
陸 31 省 GDP   廣東 居冠   雲南 增速 最快,2
歐洲議會 選舉   右傾 指標,1
台獨 害台   獨台 弱台   統壯 台,-1
美國 開闢 遏中 第二 戰場,0
力看 川普 貿易戰 策略,0
中美 國防部長   交鋒 香格里拉,0
關注 內陸 崛起,1
雙贏 雙 輸,1
提出 大陸 放心 兩岸 新 論述,1
徵文 啟事,0
台北 印象   小聲 說話,0
兩岸 史話 － 孕婦 忌吃 烤鴨   防 寶寶 逆產,0
台商 挺韓   砸 3.5 億買 高雄 水果,0
陸喊 一促 兩 穩   消費 升級 商機,2
北斗 三號 系統   2020 全球 通信 搜救,0
陸新 進網 手機   70 支援 北斗 定位,0
旬 奶奶 解憂 熱線   接聽 13 萬通,0
最強 地鐵 女司機   駕馭 上海 巨龍,1
購房 享超 國民待遇   南京 台胞 嘆 有坑,0
台胞 在陸 開戶 難   辦 信用卡 難,0
大批 養殖戶 進場   陸 小龍蝦 慘跌,-1
大陸 見蒜 狠   收購價 飆 倍,0
暖冬 少雨   蜂蜜 產量 70 年 最差,-1
期貨 公司 忙 上市   弘業 搶 A股 頭香,0
大陸 股指 期貨   對外開放 腳步,2
外資 回流 期   下跌 正好 挑 股票,2
交易量 達 成   外資 賣壓 拉黑 A股,0
朱 立倫 親美 中   貿戰 危 機變 轉機,1
低 利誘 台商   藍委 轟 蔡 只 拚 選舉,-1
波音 737   MAX 長時 停飛   陸出 招 索賠,0
中美 相互 出招   留 談判 餘地,-1
桑葚 枝頭   南昌 喜迎 豐收,1
中國 最美 森林 坐落 江西 九連山,0
大熊貓 認臉 神器,0
逐夢 新津   台青 變身 新 農夫,0
花落 錦官城,0
搭 高鐵   陸 高速 磁浮 下線,0
陸 高端 母嬰 家電產品   錢景 可期,1
陸 去年 新生兒 大減   奶粉 好難 賣,-1
房地產 信託 增 成   陸 官方 急 降溫,0
陸 房價 料漲 7.6   重點 城超 預期,1
科 創板 申報 資料   供 外包 惹 疑慮,-1
中金公司 踩雷   科 創板 第一 罰,1
陸 銀行 拚 轉型   理財 子公司,0
朝陽 資管 博班 林子 怡   大馬 發明 展獨 得兩金,0
朝陽   李宣 信手 擲 滑翔機 丹麥 奪冠,1
培養 國際 移動力   朝陽 學子 締 佳績,1
二次元 餐飲   台商 匠心 化 美食,0
金華 惠台 41 條   促進 科技 文化交流,2
俄 量產 蘇 57   關鍵 材料 需 靠陸,1
陸 裝甲 戰力 堅強   美 10 再 飛 10 年,2
川普 急 訪日   搶先 習近平 見德仁,0
雷根 號 台 聯動 西太 軍演   變相 挺 台 擦邊球 美艦 今年 度穿 台海   北京 恐 凍抹 條,0
陸 曾 日亮 稀土 劍   日 產業界 大亂,-1
合作 門若關   陸 禁 稀土 銷美,1
習 喊話 延伸 稀土 產業鏈   概念股 飆,1
陸 儲量 占 全球 成   軍事 高科技產品 不可或缺 稀土 牌制 美   陸 輿論 聲浪 高,0
軍方 證實 艘 加拿大籍 軍艦 18 日航 台海,1
台灣 指標 調查 民調 韓國瑜 27 勝 郭台銘 21,2
中時 晚間 快報 排水溝 塞到 剩 功能     韓嘆 高雄人 熬過來,-1
朱 立倫 林口 高中 玩 射擊   力推 青年 體育部,-1
里長 赴陸 交流 辭世   鄭文燦 已 請 海基會 協助,2
桃園市 府 預算 減 15 　 鄭文燦 排除 教育 人事 福利,1
關懷 憂鬱症 患者       南市 議長 邀 聽 故鄉 歌,-2
挺韓 大會 622 交通 疏導   管車 人   住戶 開車 出入 受 影響,0
桃園 中正 公園 停車場 遭 反對     市府 暫緩 喊卡,0
一句 話 改變 韓 命運 曝 絕妙 關鍵,3
抗議 惡修 公投法   藍 委籲 全民 選票 唾棄 民進黨,-2
國安法 修正案 三讀   府 進一步 建構 民主 防護網,3
行政院 同意 核發 補助   高 市府 盼 中央 地方 攜手 防疫,1
卡韓   陳 其邁 南下 視察 疫情     韓國瑜 陪同,1
歐洲 第一 國 波蘭 簽署 司法 合作 協定,4
高市 錢 防疫   一查 發現 花媽 減列 多萬,1
高雄 5318 萬 防治 經費   陳 其邁 中央 全數 核准,-1
NCC 再 罰 中天 50 萬   遭 批 全 台 要求 一家,0
陳 其邁 高市 5300 萬 防治 登革熱 預算 已 同意,0
卓榮泰 用勝 選大 戰略 社會 對話 兩 箭   爭取 信任,1
622 台中 挺韓   邱 烽堯 預計 人數 勝 花蓮 雲林,1
立院 三讀   投資 智慧 機械 5G 抵稅,2
國安法 修法 三讀   大陸 發展 組織 最高 罰 億,2
5300 萬 登革熱 救命錢   政院 已 核定,1
柯文哲 稱 議員 報名 雙城 論壇 踴躍 　 藍綠 炮轟 假消息,0
蚊子 治不好 揭 數據 蘇揆 臉 花媽 賴神,-1
韓為 登革熱 槓 蘇   黃暐瀚 覺得 不用 大驚小怪,-2
黃國昌 施壓   韓國瑜 盼 NCC 拿出 專業 良知,1
政治 爆卦 無色 覺醒 高 雄逢 雨必 淹   前朝 擺 爛 淤積 嚇人,0
蔡英文 2020 目標 總統 勝選   立委 過半,2
挺 中天 韓槓 黃國昌 NCC 有種 一套 標準,-1
藍 臨時 會發 登革熱 聲明     綠 沒道理 配合 韓 造勢,1
產業 缺工   蔡 做出 可行 措施 來回 應,2
彈劾 檢察官 小段 交待   高涌誠 願 公開 錄音 檔,1
扁為 挺 賴者 叫屈 聽聞 蔡 政府 嚴密 掌控 媒體,1
曲棍球 案   監委 原擬 糾正 單位,1
高雄 登革熱 上演 蘇 韓互 嗆   黃偉哲 發揮 區域 聯防,1
郭 組 抗韓 陣營   王金平,0
國民黨 花蓮縣 立委 選民 調   黃 啟嘉 出線,2
排水溝 塞到 剩 功能   韓 高雄人 幾年 熬過來,-1
兩岸 考卷 永遠 不及格 朱 嗆 柯 最大 問題 堅定 立場,-1
防疫 經費   韓國瑜 盼 中央 補助,0
韓國瑜 周六 台 中場 造勢   主辦單位 估 至少 15 萬人,0
朱 立倫 籲應 自創 品牌   林右昌 基隆 高 CP 漁夫 鍋,0
宴請 新北 藍綠 立委   侯 友宜 市政 需要 中央 支持,1
公 投案 逾期 補正 呂秀蓮 11 字轟 中選會,-1
高下 立判 朱 稱 當年 毛 治國 酸菊 賴   派張 善政 南下  ,0
郝 龍斌 舉 實例 臉 蘇揆 休想 養蚊 滅韓,0
藍 委憂 登革熱 疫情 失控   籲 中央 設 疫情 應變 中心,-1
戶政 一站式 服務   國軍 補助 納入,1
張亞 中 呼籲 藍營 選民 非 藍 投,1
觀光 經費 腰斬 潘 恆旭 公布 數據   證 中央 再 卡韓,1
2020 總統 初選   賴祥蔚 點出 關鍵 神 對手 豬 對手,0
／ 22 韓台 中場 定調 榮耀 新 中華   歡樂 向前 行,3
蔡英文 形象 差 網友 字 曝 致命 點,-1
兩岸 論述 質疑   柯 P 轟 其他人 想 派系 利益,-2
  經濟學 人 預測 蔡 險勝   柯 P 笑 最大 變數 尚未 出現,1
綠保 政權 閹割 公投 李 明賢 轟 民主 送終,1
韓國瑜 招   韓黑 嘆服 立於不敗,0
時力 徐 永明 酸韓 自大 草包   遭 一語 反諷,-3
韓國瑜 人氣 衰退 善化 居民 一個 舉動 驚訝,1
前 官員 韓帶 一隻 蚊子 北上 咬 垮 12 人,0
民團 抗議 公投 重返 鳥籠   一別 千古,0
台美 TIFA 會議   日期 未定,-1
呂秀蓮 提 和平 公投 遭 駁回,0
川普 難 掌握   台灣 議價 籌碼,1
軍方 強調   M1A2 戰車 軍售 變,0
美憂 台 軍售   加劇 陸 衝突,-2
別用 人事權   操控 司法 迫害,0
黃蹭 旺中   只 拉高 2020 政黨 票,0
黃國昌 赴 NCC 施壓 反 紅媒 瞄準 中天   學者 批 霸凌,1
打旺 中 撇 小 綠   戰神 想刷 存在 感,1
傳前 檢察 總長 顏大 酒後 吐真言 未 聽命 起訴 傅崐萁   黃 村 慘遭 拔官,-1
蔡 撇清   任內 未 踏進 花檢 一步,0
新聞 透視 登革熱 作戰   口水 亂 噴 民進黨 蚊子 當選 戰 化武   斧鑿 斑斑,-1
高市 清淤 量是 去年 倍   嚇壞 人,0
高雄 再 添 本土 病例   疫情 恐 擴大,-1
命 救   韓粉 擬 募款 防疫,0
捨韓 消瘦   顏笑 稱願 割肉 相挺,0
韓訪 王   彌勒佛,0
民進黨 操作 反送 中   國民黨 搶 回 話語權,1
丟 邦交   走出 外交 困境,0
蔡賴 配   綠委 建議 英仁 續配,1
柯媽 緩頰   陸 戰   爭議,-2
周錫瑋願 做 桶箍   攜手 贏政 權,0
周 自稱   台灣 需要 傻子,-1
政院 卡 登革熱 防疫 補助款 韓急 滅蚊   蘇忙 酸韓,0
登革熱 小 檔案,0
韓國瑜 深夜 發水 溝 清淤 請多 辛苦 工作者 一些 鼓勵,1
下水道 塞到 爆   高 雄菊 時代 淹到 爆 證據 找到,1
韓國瑜 一席話 感動 韓粉   高雄 救,1
2020 年 缺   韓國瑜 郭台銘 爆 危機,-1
小英要 幕僚 研議 不孕症 治療 補助 立法 禁止 五星旗,0
快評 韓國瑜 中央 負責 賴皮 蘇貞昌 害陳菊 中 槍,0
民調 風向   郭董 追上來 全勝 韓 蔡 柯,3
公投 大選 脫鉤   網友 輸到 夠 無恥,-1
藍 政見會 題目 曝光 丟掉 邦交國   走出 兩岸 外交 困境,-1
帶頭 做 假新聞 登革熱 爆 案外案,0
WEF 報告   台灣 司法獨立 大陸 同分數,2
挺韓 大會 台 中場 地核 淮   韓國瑜 周六 晚 點 演說,0
美 智庫 台辦 研討會   蔡英文 顯示 台灣 重要 角色,2
媽祖 雕像 出錢 盧 秀燕 研議 市府 編 預算,1
柯文哲 雲林 行   強調 參訪 造勢,0
工程 三面 協助 中小型 工程 業者 爭取 新 南向 商機,2
公投 關 鐵籠   徐 巧芯 笑 民進黨 多怕,0
中選 會審 公 投案 　 呂秀蓮 案 駁回 案 限期 補正,-1
酸 韓國瑜 賴皮   蘇貞昌 挨 轟 敗選 刁難 勝選,1
撿 到砲 轟 蔡 批 蘇     張 善政 神 邏輯 駁酸民 聽 瞎 唬爛,1
修法 不讓 公投   張 善政 民進黨 全民 白癡,-2
公投法 修正 過關 張 善政 痛心 痛恨 說 句,-4
北市 設會 遴選 新任 委員     巨蛋 嚴審 派 續聘 　 遠雄 不領情,3
拚 2020     羅文 嘉 民進黨 只 民主 安全 主權 牌,1
中時 晚間 快報 公投 大選 脫鉤 引民怒   民團 批 香港 逃犯 條例 嚴重,-2
議員 批 願景   盧 秀燕持 施政 白皮書 反擊,1
談 柯文哲       羅文 嘉 民進黨 穩定   拱手讓人,0
黑韓 蚊子 治不好   張 善政 一句 反 嗆 爆 蘇貞昌,-1
分區 名單       羅文 嘉 將來 立院 作戰 問政 能力,-1
民進黨 舉行 此刻 香港 明日 台灣 兩個 書店 老闆 座談會,1
選舉 小黨 合作   羅文 嘉 一個 案 一個 案談,1
許毓仁 訪美 中美 貿易戰   台灣 未必 獲利,0
吳 志揚 要求 中 高齡 高齡 就業 立法 作業 加速,0
中 市議員 部落 請命   居民 搭 流籠,1
后里 爭設 大型 醫院   盼 提升 醫療 能量,1
公投法 惡修     林奕華 民進黨 惡 再 無 距離,0
認了 政院 高市 登革熱 補助 公文 加急     近日 核定 即可 撥款,2
羅文 嘉 呼籲 世代 各行各業   捍衛 民主自由,4
卡 救命錢   高雄市 5000 萬 登革熱 補助 公文 疾管署,0
找回 名字     蔡英文 原住民 轉型 正義 觀點 成 生活 DNA,1
印 太 經濟 商業 論壇   酈 英傑 褒 台 灣貶 大陸,1
賴神 感謝     支持者 換人 民幫 撐傘,3
韓 不解 遭 批 亂花錢   網 一句 神解,0
蘇揆 批韓 治國   網笑 翻 蚊子 1450,0
民進黨 明開 中 執會     蔡英文 出席,0
綠柳 川 繼續 盧 秀燕 預算 照編 人力 到位,1
卡 救命錢   高雄 登革熱 補助 公文 疾管署,0
說 關心 登革熱   邱 議瑩 酸韓 臉 書,0
中華 郵政 加薪 獨厚 新制 主管   林佳龍 否認,0
郭台銘 批 蘇揆 修理 兄弟 韓 市長,0
韓粉 刊 尋人 啟事   陳 其邁 明日 下 高雄 開會,0
公投 大選 脫勾   王明 鉅諷 民主 燈塔,1
登革熱 疫戰   政院明 南下 舉行 防疫 會議,1
綠營 基層 勸進   林佳龍 今天 談 選舉,1
政治 爆卦 無色 覺醒 討 救命錢 遭 蘇 洗臉   韓嗆 再有 登革熱,1
郭 民調 超韓   網譏 幹嘛 還要 黑韓,1
國 東端 平面 道路 塞爆   網紅 交通部長 說話,0
長榮 空服 醞釀 罷工   林佳龍 勞資 一體,0
蘇 揆忙 嗆韓 花媽 清德 臉 打腫,0
國民黨 團 公投 已 死   民主 送終,2
蔡英文 率領 團隊 預判 情勢 做好 準備,3
韓國瑜 消瘦   顏清標 笑稱 割肉 20 公斤 給韓  ,-1
郭 點名 換 蘇貞昌   蘇 見怪不怪,0
韓國瑜 突襲 超 不爽   管媽 發文 正在 聲援 香港,-1
柯 P 對陸 態度 軟 趴 趴 柯媽 總統 態度 不行,-1
民調   朱 贏 蔡 柯,0
護子 心切 柯 P 爸媽 怒嗆 王世堅 上天 處罰,-1
剪接 韓院 影片 放 臉 書   藍 轟 蘇 揆成 蘇導,0
綠營 擬 毀 柯 滅韓 計畫   柯媽 流氓 說,0
韓 稱王 彌勒佛   拜訪 人 賓至如歸,2
蘇 槓韓   朱 嗆 蘇 民進黨 行政院長,0
甄嬛傳 重演 曝 韓竟 超 人物,0
韓王 會後   郭 本週 拜會 王金平,0
雙子星 卡算 蘇 頭上 柯 P 抱怨,-1
遭 批 賴皮   韓 反擊 蘇 別打 口水戰  ,-1
公布 高雄 水溝 淤塞 照片   韓國瑜 嚇一跳,0
柯粉 兩岸 論述   柯 P 解釋,0
全 台 最 速報 韓國瑜 生日 三願   國運昌隆   台灣 安全   有錢,1
赴 雲林 無心 市政 柯 找 同學 拜拜,0
公投 大選 脫鉤 舉行   民團 強烈 反彈,0
2020 手式 柯 P 酸 毀 柯 滅韓 令 害怕,-2
川普 政府 暫緩 美 官員 訪台 外交部 聽說,1
蘇用 登革熱 黑韓   遭 一句 話狠 臉,0
西瓜 偎大   人選 挺韓,0
總統 換掉 蘇揆   蘇酸 郭 選舉 時 敬佩,1
司改 主張 淘汰 不適 法官   應 非 法律 人 參與,1
  蘇 嗆韓 賴皮   反遭 網嗆 爆,0
黃捷 再 酸韓 跑 立法院 上班 王 淺秋 一句 反 譏,0
想 止血   蔡英文 中央 地方 攜手 防治 登革熱,-1
高雄人 造勢 杏仁 哥領 三千 韓粉 嗆爆,0
造勢 越 辦越 落漆 韓 小舅子 解密,0
中央 卡韓     網驚 李佳芬 魔王   完爆 蘇揆,-1
韓 拚命 辦 造勢   學者 防堵 這件 事,0
超脫 三界 港媒 王金平 已有 抉擇,1
民進黨 算計 登革熱   介文 汲 韓 不到 錢,0
抹黑 不要緊 李佳芬 曝 韓國瑜 惦惦 搶 做 這件 事,-1
螞蟻   諷 蔡 郭 金牛 得拚,0
批 禁用 巴拉 刈   韓郭為 農民 發聲,-1
辣 台妹 撿 到槍   柯 酸 小心 自爆,0
賞 味期 不到 年   公投 倒退 嚕   塞回 鳥籠   民進黨 斷送 直接 民權,-1
大法官 人事 同意權   院會 27 日 投票,1
明年 總統大選   綁 公投,0
韓國瑜 批 民主 背叛 民主,0
黃士 修 抨擊 蔡 民主 暗殺,-1
韓 突襲 拜會 高雄 綠委   吃閉門羹,-2
蚊子 分 藍綠   基層 里長 激憤,-2
  高雄 救命錢 捉襟見肘,-1
禿子 台 中 造勢   燕子 站台,0
2015 年 高雄 登革熱 直逼 萬例   百餘人 喪命   任內 疫情 失控   花媽 忘,-3
再有 登革熱   瑜嗆算 蘇 頭上,0
三讀通過   不准 綁 大選   保 政權   閹割 公投,-1
索羅門 群島 評估 台 關係 之際 訪中   外交部 考察 原木 價格 評估 供需,2
