title,created_time
香格里拉對話會5月底登場 陸防長時隔8年再出席,2019-05-21 09:34
川普撂話 陸將被關稅徹底扼殺,2019-05-21 04:10
陸證監會前主席 劉士余遭調查,2019-05-21 04:10
美黑人首富慨捐12.7億 幫學生清償學貸,2019-05-21 04:10
手握王牌 習考察江西稀土業,2019-05-21 04:10
極限施壓 川普主義恐引火上身,2019-05-21 04:10
川普怒嗆伊朗 開戰你就完蛋,2019-05-21 04:10
尊重與平等是文明對話的基礎,2019-05-21 04:10
1／4旅陸台胞領居住證說明什麼,2019-05-21 04:10
顛倒是非的政黨,2019-05-21 04:10
國民黨的宿命,2019-05-21 04:10
審視台日關係虛與實,2019-05-21 04:10
兩岸史話－禮義廉恥需要具體的社會載體,2019-05-21 04:10
大學招陸生起跑 省市名額穿小鞋,2019-05-21 04:10
爆違紀落馬 劉士余主動投案,2019-05-21 04:10
澄江、清江生物群 提供珍貴證據,2019-05-21 04:10
氧氣催生 寒武紀生命大爆發,2019-05-21 04:10
NASA星光地圖 上海不說晚安,2019-05-21 04:10
蛟龍號靠聲納 海底輕鬆聽看說,2019-05-21 04:10
陸媒批美打科技戰 箝制世界發展,2019-05-21 04:10
搶下多國市場 陸鐵路航向全球,2019-05-21 04:10
築美鐵路150年 陸翻轉華工血淚,2019-05-21 04:10
蘇通園區十年 躍南通新地標,2019-05-21 04:10
不做單身狗 陸青靠相親尋真愛,2019-05-21 04:10
爭利益、理念 日全家與頂新翻臉,2019-05-21 04:10
陸全家歸屬 日方和頂新強碰,2019-05-21 04:10
行動互聯網普及 線上消費大增,2019-05-21 04:10
中芯、華力微扮演陸先進製程推手,2019-05-21 04:10
陸90後追求品質 激活新消費,2019-05-21 04:10
寶寶類理財收益跌 創29個月新低,2019-05-21 04:10
陸銀推高利定存 向年輕人招手,2019-05-21 04:10
陸反洗錢師奇缺 掀搶人戰,2019-05-21 04:10
水岸台北2019端午嘉年華 正式開跑,2019-05-21 04:10
華南金控攜手亂彈阿翔 打造庶民金融服務,2019-05-21 04:10
強化兩岸姊妹湖合作 天目湖舉行年會,2019-05-21 04:10
台灣芒果拚外銷 屏東縣成領頭羊,2019-05-21 04:10
收藏家一生的驕傲 元青花特展開跑,2019-05-21 04:10
寧波惠台80條 專案資助青年交流,2019-05-21 04:10
貿戰勿只見轉單 不看外溢效應,2019-05-21 04:10
蔡炫經濟政績 台商打臉批邀功,2019-05-21 04:10
藍推蔡失政月曆 明年掰了她,2019-05-21 04:10
蔡談兩岸政策 要比中國更大聲,2019-05-21 04:09
陸黨媒：綠搞砸兩岸撕裂族群,2019-05-21 04:09
陸學者：蔡兩國論撈選舉利益,2019-05-21 04:09
蔡壞了兩岸關係6 成民眾負感,2019-05-21 04:09
美艦駛近黃岩島 陸打愛國牌應變,2019-05-21 04:09
陸學者：核心技術要掌握,2019-05-21 04:09
美不應比狠 談判是正途,2019-05-21 04:09
習考察江西稀土業 引發臆測,2019-05-21 04:09
B計畫啟動 華為作業系統鴻蒙待命,2019-05-21 04:09
華為被掰掰 歐洲市場受創嚴重,2019-05-21 04:09
美圍堵華為 鹿死誰手尚難預料,2019-05-21 04:09
谷歌首斷貨華為 高通英特爾補槍,2019-05-21 04:09
李鵬之子李小鵬獲新職務公開亮相　仕途備受關注,2019-05-20 23:30
華為放話：伺服器晶片已實現自主生產,2019-05-20 22:12
大陸歐盟商會：強制技術轉讓在大陸有增無減,2019-05-20 20:53
美駐華大使將訪問西藏　陸外交部：希望帶著客觀的態度參訪,2019-05-20 20:53
阿爾山聯合國教科文組織世界地質公園揭碑,2019-05-20 20:29
成都發現唐代名將高駢主持修築的城墻,2019-05-20 20:26
歐盟商會：大陸強制外商技術轉讓有增無減,2019-05-20 17:50
谷歌暫停業務往來 華為：安卓服務不受影響,2019-05-20 17:29
美軍艦入黃岩島鄰近海域 陸外交部：已識別查證並警告驅離,2019-05-20 17:01
華為準備反擊 陸外交部：支持陸企捍衛正當權利,2019-05-20 16:44
馬吳出境管制期限遭延長 藍委批蔡政府毫無誠信,2019-05-20 16:03
美海軍驅逐艦再闖南海　兩周內第2次挑釁北京,2019-05-20 12:36
民進黨執政3年 陸檢討：崩塌最嚴重的是兩岸政策,2019-05-20 12:20
蔡英文重申沒挑釁北京 陸學者：做賊喊抓賊,2019-05-20 12:17
劉士余主動投案  陸媒曝4點特殊之處,2019-05-20 10:19
「促和止戰：兩岸分治七十周年」系列活動 蔡政府兩岸政策總體檢,2019-05-20 09:00
遭川普封殺 華為不排除撤出美國,2019-05-20 04:10
陸官媒播韓戰電影 示抗美決心,2019-05-20 04:10
王毅通話蓬佩奧 要美別走太遠,2019-05-20 04:10
卡吳習會 蔡違背民主慣例,2019-05-20 04:10
不可低估貿易戰對中國的衝擊,2019-05-20 04:10
執政3年不及格,2019-05-20 04:10
吳主席在家嗎？,2019-05-20 04:10
台商回流不能照單全收,2019-05-20 04:10
兩岸史話－資產階級時代的「民族」消失,2019-05-20 04:10
集美人文魅力 影視產業落地開花,2019-05-20 04:10
看見集美 青春電影展開幕,2019-05-20 04:10
台青創業軟實力 海交會亮點,2019-05-20 04:10
閩台人才對接 集中醫農科教,2019-05-20 04:10
中華婦女黨 推新住民二代崛起,2019-05-20 04:10
高中落榜生轉戰跑道成世界冠軍,2019-05-20 04:10
陸科考船起航 探馬里亞納海溝海山,2019-05-20 04:10
陸製智慧海工設備 贏挪威讚譽,2019-05-20 04:10
王綽中籲媒體說好大灣區故事,2019-05-20 04:10
閩粵台港澳 打造全球最大經濟區,2019-05-20 04:10
中國香谷引來世界500強,2019-05-20 04:10
港澳青年創客 在中山玩瘋了,2019-05-20 04:10
天津貓熊智慧公車 刷手就能搭乘,2019-05-20 04:10
科技改變生活 刷臉萬事OK,2019-05-20 04:10
世界智慧大會 打造全球盛會,2019-05-20 04:10
香山飯店售京味兒文創品,2019-05-20 04:10
北京7家醫院試點國際醫療,2019-05-20 04:10
亞洲藝術展 顯大道融通之美,2019-05-20 04:10
空巢青年不做飯 超商94我家廚房,2019-05-20 04:10
恆指下探250日均線 短線升幅有限,2019-05-20 04:10
變數仍在 A股維持震盪調整格局,2019-05-20 04:10
人幣區間震盪 6月習川會或成轉折,2019-05-20 04:10
美元指數放緩 後市表現看2大指標,2019-05-20 04:10
從外資撤離大陸看台商回歸,2019-05-20 04:10
具債券特性 特別股抗震追漲正夯,2019-05-20 04:10
新興債正熱 外資加碼陸國債,2019-05-20 04:10
貿易戰火升 高收債好避險,2019-05-20 04:10
揚州惠台68條 推動專技落地傳承,2019-05-20 04:10
中美已非貿易戰 是霸權爭奪戰,2019-05-20 04:10
美封殺華為 任正非嗆沒在怕,2019-05-20 04:10
抗美 央視黃金時段改播援朝舊片,2019-05-20 04:10
陸開闢3戰場 全面逼美讓步,2019-05-20 04:10
綠重返執政3年 57％民眾不滿意,2019-05-20 04:10
不會准吳赴陸 吳習會今年不可能,2019-05-20 04:10
北京如如不動 綠仇中牌打在棉花上,2019-05-20 04:10
蔡就任3周年 兩岸關係緊張加劇！陸學者：倘若綠再執政 台海恐成火藥庫,2019-05-20 04:10
陸證監前主席劉士余涉違紀違法 主動投案配合審查,2019-05-20 00:03
批美翻臉比翻書快 陸官媒：北京不會在核心問題上讓步,2019-05-19 23:09
陸央行副行長：大陸外匯市場預期總體穩定,2019-05-19 23:07
美國大豆業者：大陸市場份額 恐永久喪失,2019-05-19 20:32
大陸新增4家國家級旅遊度假區,2019-05-19 19:01
西藏雪豹頻「肇事」 無礙與牧民其和平共處,2019-05-19 18:47
什麼神仙課程？這大學選課就發蘋果電腦,2019-05-19 15:08
林鄭月娥：盼港澳青年到大灣區追夢,2019-05-19 12:57
任正非：華為不排除完全撤出美國市場,2019-05-19 12:55
美拋大陸技術有害 陸媒反擊：香者自香 臭者自臭,2019-05-19 12:26
APEC發表《貿易部長聯合聲明》反對保護主義,2019-05-19 12:24
聯想深夜發聲明：未「斷供」華為 將追究造謠者,2019-05-19 10:23
傳美陸談判停頓 未知下輪日期,2019-05-19 04:10
台灣人才、項目對接 洽談熱絡,2019-05-19 04:10
台灣美食及精品 人氣最旺,2019-05-19 04:10
美陸對抗加劇 澳洲苦尋平衡點,2019-05-19 04:10
民調失靈 澳洲大選未變天,2019-05-19 04:10
壯年NASA的煩惱,2019-05-19 04:09
陸網友最愛洪秀柱,2019-05-19 04:09
貿易戰升溫 台商恐成重災戶,2019-05-19 04:09
徵文啟事,2019-05-19 04:09
知是故人來,2019-05-19 04:09
兩岸史話－現代轉型面臨三重任務,2019-05-19 04:09
護眼保健操 簡單三步驟,2019-05-19 04:09
按摩＋茶飲 保護靈魂之窗,2019-05-19 04:09
福州惠台6新措施 聚焦創投物流,2019-05-19 04:09
福州518海交會 台灣展區人氣旺,2019-05-19 04:09
5千外賓以茶會友 茶博會國際化,2019-05-19 04:09
中國茶博館沒圍牆 歡迎來品茗,2019-05-19 04:09
美眾議員致函WHO 挺台參與WHA,2019-05-19 04:09
台灣政情 防疫無國界－台3度缺席WHA 藍委籲陸釋善意,2019-05-19 04:09
中國百慕達揭開神祕面紗,2019-05-19 04:09
消費龍頭寶僑 長盛不衰的祕密,2019-05-19 04:09
綠色意識型態 武裝媒體腦袋,2019-05-19 04:09
滬台商會長李政宏 任台企聯會長,2019-05-19 04:09
出口退稅貨幣貶值 抗貿易戰利器,2019-05-19 04:09
自經區全球維修中心 避貿易戰火,2019-05-19 04:09
中美貿易戰 兩個影響和兩個機會,2019-05-19 04:09
陸出口大戶 台商受關稅衝擊大,2019-05-19 04:09
東拼西湊 盧昉讓西畫飄中國味,2019-05-19 04:09
台客趴趴走 古洋畫內現蹤跡,2019-05-19 04:09
上海各區惠台 閔行區38條搶頭香,2019-05-19 04:09
應對殲-20 美F-35組虛擬預警機,2019-05-19 04:09
技術突破 陸50架殲-20今年服役,2019-05-19 04:09
陸長征兩百回 火箭院量產化發展,2019-05-19 04:09
東部戰區對台主力 殲-16大象漫步,2019-05-19 04:09
西太飛彈艦艇量 陸是美軍五倍,2019-05-19 04:09
美專家籲美台聯演 助台突破孤立,2019-05-19 04:09
美戰略部署 視台為軍事盟友,2019-05-19 04:09
華為供應鏈 陸科技大廠備胎轉正,2019-05-19 04:09
封殺華為卻鬆手 美送90天豁免令,2019-05-19 04:09
下輪協商沒譜 美中談判恐中斷,2019-05-19 04:09
陸在聯合國闢戰場 控美貿易霸凌,2019-05-19 04:09
陸高鐵拉動發展 小盈虧創大利,2019-05-19 04:09
高鐵負債率65％ 陸專家：合理、可控,2019-05-19 04:09
高鐵擂台 陸票價優惠 台便當好吃,2019-05-19 04:09
